{
  "project_info": {
    "project_number": "317435960374",
    "project_id": "linkup-bd42b",
    "storage_bucket": "linkup-bd42b.appspot.com"
  },
  "client": [
    {
      "client_info": {
        "mobilesdk_app_id": "1:317435960374:android:e6a9c0cc106fc3ce744c97",
        "android_client_info": {
          "package_name": "com.example.linkup"
        }
      },
      "oauth_client": [
        {
          "client_id": "317435960374-52dk3q1s62scghhkfrrgh9g8j124607d.apps.googleusercontent.com",
          "client_type": 3
        }
      ],
      "api_key": [
        {
          "current_key": "AIzaSyCs2S2inRghOE_P6okSPzmD-AJgesOFd7s"
        }
      ],
      "services": {
        "appinvite_service": {
          "other_platform_oauth_client": [
            {
              "client_id": "317435960374-52dk3q1s62scghhkfrrgh9g8j124607d.apps.googleusercontent.com",
              "client_type": 3
            }
          ]
        }
      }
    }
  ],
  "configuration_version": "1"
}